{"cameraMode":{"drawMode":0,"name":"Shaded","section":"Shading Mode"},"sceneLighting":true,"audioPlay":false,"sceneViewState":{"m_AlwaysRefresh":false,"showFog":true,"showSkybox":true,"showFlares":true,"showImageEffects":true,"showParticleSystems":true,"showVisualEffectGraphs":true,"m_FxEnabled":false},"in2DMode":false,"pivot":{"x":34.82344436645508,"y":1.5324931144714356,"z":16.671770095825197},"rotation":{"x":0.6003568172454834,"y":-0.05744677782058716,"z":0.04330047592520714,"w":0.7964904308319092},"size":12.694076538085938,"orthographic":false}