{"cameraMode":{"drawMode":0,"name":"Shaded","section":"Shading Mode"},"sceneLighting":true,"audioPlay":false,"sceneViewState":{"m_AlwaysRefresh":false,"showFog":true,"showSkybox":true,"showFlares":true,"showImageEffects":true,"showParticleSystems":true,"showVisualEffectGraphs":true,"m_FxEnabled":false},"in2DMode":false,"pivot":{"x":18.901166915893556,"y":3.3806865215301515,"z":23.325889587402345},"rotation":{"x":-0.02849256992340088,"y":-0.015891030430793763,"z":-0.00045303290244191885,"w":0.9994687438011169},"size":0.9091386795043945,"orthographic":false}