{"cameraMode":{"drawMode":0,"name":"Shaded","section":"Shading Mode"},"sceneLighting":true,"audioPlay":false,"sceneViewState":{"m_AlwaysRefresh":false,"showFog":true,"showSkybox":true,"showFlares":true,"showImageEffects":true,"showParticleSystems":true,"showVisualEffectGraphs":true,"m_FxEnabled":false},"in2DMode":false,"pivot":{"x":-0.41665124893188479,"y":-0.18656563758850099,"z":0.8499252200126648},"rotation":{"x":0.1625402867794037,"y":-0.33034518361091616,"z":0.0578603595495224,"w":0.9279634952545166},"size":2.9713246822357179,"orthographic":false}