{"cameraMode":{"drawMode":0,"name":"Shaded","section":"Shading Mode"},"sceneLighting":true,"audioPlay":false,"sceneViewState":{"m_AlwaysRefresh":false,"showFog":true,"showSkybox":true,"showFlares":true,"showImageEffects":true,"showParticleSystems":true,"showVisualEffectGraphs":true,"m_FxEnabled":false},"in2DMode":false,"pivot":{"x":17.92610740661621,"y":0.25459110736846926,"z":29.296138763427736},"rotation":{"x":0.1076381579041481,"y":-0.44781339168548586,"z":0.05440199002623558,"w":0.8859629034996033},"size":21.73148536682129,"orthographic":false}